,type,title,year,month,id,genre
0,movie,Mom's Coming,2024.0,11.0,tt10579986,Drama
1,movie,Love Song and Power,2024.0,1.0,tt10597228,Drama
2,movie,Spaceman,2024.0,3.0,tt11097384,Drama
3,movie,Amigos imaginarios,2024.0,5.0,tt11152168,Drama
4,movie,Manje Bistre 3,2024.0,7.0,tt11822244,Drama
5,movie,Yi dao tian tang,2024.0,,tt12861438,Drama
6,movie,Broken Glass,2024.0,2.0,tt13036100,Drama
7,movie,Fără zgomot: Ziua 1,2024.0,6.0,tt13433802,Drama
8,movie,Three Couples Freed,2024.0,1.0,tt13561128,Drama
9,movie,Fighter,2024.0,1.0,tt13818368,Drama
10,movie,An Irish Angel,2024.0,4.0,tt14117392,Drama
11,movie,"MoviePass, MovieCrash",2024.0,5.0,tt14257662,Drama
12,movie,Rhapsody in Justice,2024.0,8.0,tt14478740,Drama
13,movie,Guntur Kaaram,2024.0,1.0,tt14564000,Drama
14,movie,Noda Hitam Dalam Pelukan,2024.0,11.0,tt14643262,Drama
15,movie,La Puerta Verde,2024.0,8.0,tt14904970,Drama
16,movie,The Hippie Who Came to Roam,2024.0,12.0,tt14978566,Drama
18,movie,Kopa. Antra dalis,2024.0,3.0,tt15239678,Drama
19,movie,Backstage,2024.0,4.0,tt15427838,Drama
20,movie,Sunset Shimmer and the Acidic Universe of Makori,2024.0,12.0,tt15535164,Drama
21,movie,The Tiger's Apprentice,2024.0,2.0,tt5834410,Drama
22,movie,The Uncivil War,2024.0,1.0,tt15791240,Drama
23,movie,Ben's an Imposter,2024.0,,tt9134042,Drama
24,movie,Never Stop Dreaming,2024.0,5.0,tt15769770,Drama
25,movie,Yodha,2024.0,3.0,tt16139258,Drama
26,movie,Apophis 2029,2024.0,12.0,tt9810236,Drama
27,movie,The Truck,2024.0,11.0,tt15721572,Drama
28,movie,Case #111-878,2024.0,11.0,tt16913084,Drama
29,movie,Last Flamingo of the Red Summer Sunset,2024.0,2.0,tt17037988,Drama
32,movie,The Falling Sun,2024.0,11.0,tt18556552,Drama
33,movie,L'ora di tutti,2024.0,9.0,tt19368948,Drama
34,movie,The Dream Fisher,2024.0,9.0,tt20407238,Drama
35,movie,Should Have Waited,2024.0,5.0,tt20411966,Drama
36,movie,The Satire,2024.0,12.0,tt20453194,Drama
37,movie,Our Family Pride,2024.0,,tt20923242,Drama
38,movie,The Donor,2024.0,4.0,tt21065476,Drama
39,movie,Întors pe dos 2,2024.0,6.0,tt22022452,Drama
40,movie,Cem Karaca'nin Gözyaslari,2024.0,1.0,tt22394800,Drama
41,movie,Lal Salaam,2024.0,2.0,tt23461428,Drama
42,movie,Onegin,2024.0,3.0,tt23747498,Drama
43,movie,Agent Narasimha-117,2024.0,1.0,tt24948640,Drama
44,movie,Hayatla Baris,2024.0,2.0,tt25785988,Drama
45,movie,Vamp Camp: Being a Melodrama in Three Parts,2024.0,10.0,tt26238738,Drama
46,movie,Mne tebya obeschali,2024.0,1.0,tt26439277,Drama
47,movie,Le Comte de Monte-Cristo,2024.0,6.0,tt26446278,Drama
48,movie,A Forja: O Poder da Transformação,2024.0,9.0,tt26731216,Drama
49,movie,Yoake no subete,2024.0,2.0,tt26731970,Drama
50,movie,Rabb Da Radio 3,2024.0,3.0,tt26768685,Drama
51,movie,Carbon & Water,2024.0,7.0,tt27006928,Drama
53,movie,Diamonds and Pearls,2024.0,1.0,tt27439361,Drama
54,movie,Teri Baaton Mein Aisa Uljha Jiya,2024.0,2.0,tt27459160,Drama
55,movie,Lyod 3,2024.0,2.0,tt27487288,Drama
56,movie,Vogter,2024.0,7.0,tt27496775,Drama
57,movie,Beautiful Bombshells,2024.0,4.0,tt27533338,Drama
58,movie,Speak No Evil,2024.0,9.0,tt27534307,Drama
59,movie,Lothorin,2024.0,7.0,tt27607129,Drama
60,movie,Marques Um Inspetor 3.0: Em Apuros - O Filme,2024.0,6.0,tt27626125,Drama
61,movie,Have You Seen My Man?,2024.0,1.0,tt27635887,Drama
62,movie,"Ritter, Burgen, Edelfrauen - Liebessagen aus dem Mittelalter",2024.0,3.0,tt27746150,Drama
63,movie,Turned Out: The Movie,2024.0,9.0,tt27750212,Drama
64,movie,Lothorin,2024.0,,tt27814598,Drama
65,movie,Cinderella's Curse,2024.0,5.0,tt27819388,Drama
66,movie,Lyubvi ne byvaet?,2024.0,5.0,tt27827937,Drama
67,movie,Danny Jigar,2024.0,1.0,tt27951272,Drama
68,movie,Mexican Legend,2024.0,5.0,tt28015766,Drama
69,movie,Under Pressure,2024.0,3.0,tt28060485,Drama
70,movie,Paw Mama,2024.0,2.0,tt28076642,Drama
71,movie,Bastar: The Naxal Story,2024.0,3.0,tt28221135,Drama
72,movie,Sous le vent des Marquises,2024.0,1.0,tt28244012,Drama
73,movie,Jesus,2024.0,6.0,tt28354262,Drama
74,movie,Rode College,2024.0,6.0,tt28350704,Drama
75,movie,Patang,2024.0,2.0,tt28369831,Drama
76,movie,Pratinidhi 2,2024.0,5.0,tt28479388,Drama
77,movie,Hatixhe and Shaban - A Story of Money and Shame,2024.0,,tt28496969,Drama
78,movie,Consequences of Freedom,2024.0,12.0,tt28496088,Drama
79,movie,Terrificman,2024.0,2.0,tt28510504,Drama
81,movie,Weapons of Warfare,2024.0,2.0,tt28539356,Drama
82,movie,Sheriff: Narko Integriti,2024.0,4.0,tt28547912,Drama
83,movie,Why Me?,2024.0,6.0,tt28642513,Drama
84,movie,Killer - The Hunt,2024.0,7.0,tt28677683,Drama
85,movie,O Auto da Compadecida 2,2024.0,12.0,tt28696532,Drama
86,movie,The Clean Up,2024.0,5.0,tt28702491,Drama
87,movie,When Fucking Spring is in the Air,2024.0,2.0,tt28756749,Drama
88,movie,Pozyvnoy «Passazhir»,2024.0,3.0,tt28778274,Drama
89,movie,Vietnam Story,2024.0,2.0,tt28820560,Drama
90,movie,Komandir,2024.0,2.0,tt28940336,Drama
91,movie,Zoloto Umalty,2024.0,4.0,tt28940477,Drama
92,movie,Death of a Mule,2024.0,5.0,tt29000967,Drama
93,movie,We've Been Here Before,2024.0,2.0,tt29001576,Drama
94,movie,Leap,2024.0,5.0,tt29001713,Drama
95,movie,Chao bang ming mo,2024.0,2.0,tt29040531,Drama
96,movie,Taboo,2024.0,6.0,tt29062189,Drama
97,movie,Misantropia,2024.0,4.0,tt29089987,Drama
98,movie,Le fil,2024.0,9.0,tt29102598,Drama
99,movie,Kill Em with A Smile,2024.0,5.0,tt29138603,Drama
100,movie,Razakar: The Silent Genocide of Hyderabad,2024.0,4.0,tt29224742,Drama
101,movie,"Jeunesse, mon amour",2024.0,5.0,tt29245495,Drama
102,movie,Lyubov so vtorogo vzglyada,2024.0,3.0,tt29261187,Drama
103,movie,Uralochka,2024.0,12.0,tt29261276,Drama
104,movie,Sem chyornykh bumag,2024.0,5.0,tt29261307,Drama
105,movie,Emotions of a Murder,2024.0,1.0,tt29265463,Drama
106,movie,Dong wu yuan li you shen me?,2024.0,1.0,tt29307747,Drama
107,movie,Kudi Haryane Val Di,2024.0,6.0,tt29309965,Drama
108,movie,Innocent Shots,2024.0,1.0,tt29332069,Drama
109,movie,Joy Lane,2024.0,3.0,tt29346986,Drama
110,movie,The Future Soul,2024.0,9.0,tt29348391,Drama
111,movie,Everybody Loves Touda,2024.0,12.0,tt29359373,Drama
112,movie,Bunny & Clive,2024.0,6.0,tt29372059,Drama
113,movie,Waymore Place,2024.0,1.0,tt29380101,Drama
114,movie,Doraemon the Movie: Nobita's Earth Symphony,2024.0,3.0,tt29402528,Drama
115,movie,the Occasion,2024.0,12.0,tt29418728,Drama
116,movie,Hayatimiz Roman,2024.0,3.0,tt29439922,Drama
117,movie,Social Creatures,2024.0,4.0,tt29441864,Drama
118,movie,Finding Faith,2024.0,8.0,tt29453957,Drama
119,movie,Que notre joie demeure,2024.0,4.0,tt29478506,Drama
120,movie,Dragoons,2024.0,2.0,tt28862483,Drama
121,movie,3EME OEIL,2024.0,9.0,tt29481454,Drama
122,movie,Finding Tony,2024.0,5.0,tt29486067,Drama
123,movie,How 2 Catch a Baller,2024.0,8.0,tt29497194,Drama
124,movie,Hatiran Yeter,2024.0,2.0,tt29506334,Drama
125,movie,Nenormalnyy,2024.0,3.0,tt29519507,Drama
126,movie,Auction,2024.0,5.0,tt29521687,Drama
127,movie,Taynaya lyubov Kazanovy,2024.0,7.0,tt29522764,Drama
128,movie,No New Friends,2024.0,2.0,tt29533430,Drama
129,movie,Sixty Minutes,2024.0,1.0,tt29538571,Drama
130,movie,Lost and Found,2024.0,2.0,tt29547063,Drama
131,movie,Greetings from Arizona,2024.0,1.0,tt29567033,Drama
132,movie,National Theatre Live: Vanya,2024.0,2.0,tt29578220,Drama
133,movie,Three Secrets,2024.0,4.0,tt29605355,Drama
134,movie,Ittaa Kittaa,2024.0,1.0,tt29615171,Drama
135,movie,Hail Mary,2024.0,2.0,tt29643961,Drama
136,movie,Runnin' from Wolves,2024.0,2.0,tt29667653,Drama
137,movie,Moy lyubimyy chempion,2024.0,6.0,tt29685010,Drama
138,movie,Kaalamundan,2024.0,2.0,tt29687204,Drama
139,movie,Badland Hunters,2024.0,1.0,tt29722855,Drama
140,movie,De Dans van Natasja,2024.0,1.0,tt29723724,Drama
141,movie,Casa en flames,2024.0,6.0,tt29793197,Drama
142,movie,Double Standards,2024.0,3.0,tt29871473,Drama
143,movie,Dawgs 4 Life,2024.0,3.0,tt29871058,Drama
144,movie,Busted & Disgusted,2024.0,4.0,tt29872939,Drama
145,movie,Money Calling,2024.0,3.0,tt29885132,Drama
146,movie,Mytomanen,2024.0,9.0,tt29890111,Drama
147,movie,Sacred Creatures,2024.0,9.0,tt29892897,Drama
148,movie,Who I Am,2024.0,3.0,tt29925086,Drama
149,movie,The Caged Bird,2024.0,1.0,tt29924339,Drama
150,movie,Sunrise,2024.0,1.0,tt29924310,Drama
151,movie,A Muzzarell,2024.0,2.0,tt29924763,Drama
152,movie,Core,2024.0,2.0,tt29927796,Drama
153,movie,Piep*zyc Mickiewicza,2024.0,1.0,tt29930759,Drama
154,movie,2020,2024.0,3.0,tt29939980,Drama
155,movie,She's God: The Book of Eden,2024.0,12.0,tt29940825,Drama
156,movie,"Right Here, Right Now",2024.0,5.0,tt29940843,Drama
157,movie,Moondove,2024.0,10.0,tt29952444,Drama
158,movie,Yesterday After Tomorrow,2024.0,1.0,tt30008419,Drama
159,movie,Little People. Big Era,2024.0,11.0,tt30003441,Drama
160,movie,Mangampeta,2024.0,4.0,tt30048388,Drama
161,movie,Ask Mevsimi,2024.0,2.0,tt30050756,Drama
162,movie,The Disembodied Adventures of Alice,2024.0,2.0,tt30061275,Drama
163,movie,Golpe a Golpe (Blow by Blow),2024.0,3.0,tt30117230,Drama
164,movie,The Firing Squad,2024.0,9.0,tt30110854,Drama
165,movie,Finding Jane,2024.0,4.0,tt30134346,Drama
166,movie,Finding Dr John,2024.0,4.0,tt30134442,Drama
167,movie,Vinnie Langdon: After the Beep,2024.0,10.0,tt30137704,Drama
168,movie,Double Engine,2024.0,3.0,tt30138535,Drama
169,movie,Der Deserteur,2024.0,9.0,tt30138362,Drama
170,movie,In the Land of Brothers,2024.0,8.0,tt30141676,Drama
171,movie,Lifting Jane,2024.0,4.0,tt30145066,Drama
172,movie,Finding Dr John,2024.0,4.0,tt30145098,Drama
173,movie,Godsterminal,2024.0,1.0,tt30192270,Drama
174,movie,This Is Me... Now,2024.0,2.0,tt30215084,Drama
175,movie,Pochemu ty?,2024.0,4.0,tt30225465,Drama
176,movie,Kazhdyy mechtaet o sobake,2024.0,5.0,tt30225556,Drama
177,movie,3310'dan Tüm Birimlere,2024.0,1.0,tt30243785,Drama
178,movie,Paddling,2024.0,1.0,tt30247333,Drama
179,movie,Tranquility: Ghost Stories,2024.0,1.0,tt30248546,Drama
180,movie,Pendekar Awang: Darah Indera Gajah,2024.0,1.0,tt30253785,Drama
181,movie,StarGazer: The Need of the Many,2024.0,1.0,tt30260415,Drama
182,movie,Night & the city,2024.0,3.0,tt30261435,Drama
183,movie,Churmuri,2024.0,3.0,tt30264720,Drama
184,movie,The Year of Staring at noses,2024.0,1.0,tt30267634,Drama
185,movie,Sorry,2024.0,3.0,tt30275687,Drama
186,movie,Gepack,2024.0,1.0,tt30292489,Drama
187,movie,Maria's Silence,2024.0,2.0,tt30308333,Drama
188,movie,Hood Riches,2024.0,1.0,tt30316912,Drama
189,movie,Sebastian,2024.0,10.0,tt30317033,Drama
190,movie,Hood Riches 2,2024.0,1.0,tt30317103,Drama
191,movie,Hell of SE,2024.0,1.0,tt30318139,Drama
192,movie,Didi,2024.0,8.0,tt30319503,Drama
193,movie,Good One,2024.0,11.0,tt30319516,Drama
194,movie,Navardev Bsc. Agri.,2024.0,1.0,tt30320232,Drama
195,movie,Sujo,2024.0,8.0,tt30320410,Drama
196,movie,Eternal You,2024.0,6.0,tt30320493,Drama
197,movie,Tendaberry,2024.0,1.0,tt30320639,Drama
198,movie,Ghostlight,2024.0,6.0,tt30321095,Drama
199,movie,In a Violent Nature,2024.0,7.0,tt30321146,Drama
200,movie,"Almanak, Vrouwen Om Van Te Houden",2024.0,3.0,tt30325173,Drama
201,movie,Mr. Hit Me Up,2024.0,6.0,tt30325409,Drama
202,movie,Girl in the Video,2024.0,1.0,tt30326011,Drama
203,movie,Dying in Plain Sight,2024.0,1.0,tt30326028,Drama
204,movie,Confessions of a Cam Girl,2024.0,1.0,tt30326030,Drama
205,movie,Hazegras,2024.0,1.0,tt30329283,Drama
206,movie,Dietroit,2024.0,2.0,tt30330041,Drama
207,movie,Detroit Ransom,2024.0,1.0,tt30330161,Drama
208,movie,Naked Nations - Tribe Hong Kong,2024.0,1.0,tt30331039,Drama
209,movie,Under Pressure,2024.0,2.0,tt30343940,Drama
210,movie,Osomoy,2024.0,1.0,tt30343329,Drama
211,movie,Simin Deok-hee,2024.0,1.0,tt30364726,Drama
212,movie,Team,2024.0,1.0,tt30396299,Drama
213,movie,9 sekund,2024.0,9.0,tt30397379,Drama
214,movie,Lothorin: Part Two,2024.0,12.0,tt30399520,Drama
215,movie,Born Hungry,2024.0,10.0,tt30399715,Drama
216,movie,Bu Tejo Sowan Jakarta,2024.0,1.0,tt30400709,Drama
217,movie,Eco,2024.0,5.0,tt30402100,Drama
218,movie,Adam i Eva,2024.0,3.0,tt30420755,Drama
219,movie,Fly Old Bird: Escape to the Ark,2024.0,1.0,tt30420854,Drama
220,movie,Drunks Have Whiter Teeth,2024.0,2.0,tt30423626,Drama
221,movie,Emo Valley,2024.0,2.0,tt30430343,Drama
222,movie,Cong jin yihou,2024.0,5.0,tt30439035,Drama
223,movie,Faruk,2024.0,2.0,tt30440590,Drama
224,movie,Yo vi tres luces negras,2024.0,5.0,tt30441039,Drama
225,movie,Nayab,2024.0,1.0,tt30448138,Drama
226,movie,Palayam PC,2024.0,1.0,tt30454120,Drama
227,movie,Bei wo nong diu de ni,2024.0,3.0,tt30460177,Drama
228,movie,Jatta Dolie Naa,2024.0,1.0,tt30462882,Drama
229,movie,Sesh Bazi,2024.0,1.0,tt30467511,Drama
230,movie,Führer und Verführer,2024.0,9.0,tt30467885,Drama
231,movie,Perennial Light,2024.0,11.0,tt30468799,Drama
232,movie,Rebellion: War Across Nations,2024.0,5.0,tt30470734,Drama
233,movie,On+Ona,2024.0,2.0,tt30474564,Drama
234,movie,Podrostki. Pervaya lyubov,2024.0,8.0,tt30474682,Drama
235,movie,Muzhskoe slovo,2024.0,9.0,tt30475140,Drama
236,movie,Vstretimsya vchera,2024.0,10.0,tt30475201,Drama
237,movie,Kintsukuroi,2024.0,6.0,tt30476184,Drama
238,movie,Haikyu!! The Dumpster Battle,2024.0,2.0,tt30476486,Drama
239,movie,#OOTD: Outfit of the Designer,2024.0,1.0,tt30476508,Drama
240,movie,Table for Six 2,2024.0,2.0,tt30478127,Drama
241,movie,Sahmeran Efsanesi-Tulhan,2024.0,1.0,tt30484671,Drama
242,movie,Song of All Ends,2024.0,1.0,tt30486118,Drama
243,movie,Delivery Boy,2024.0,2.0,tt30486891,Drama
244,movie,Antwan,2024.0,1.0,tt30487211,Drama
245,movie,Avram Iancu Împotriva imperiului,2024.0,1.0,tt30478196,Drama
246,movie,Matka v trapu,2024.0,2.0,tt30490537,Drama
247,movie,Pulse of the Dance,2024.0,2.0,tt30490854,Drama
248,movie,As Aves,2024.0,3.0,tt30493206,Drama
249,movie,Balance,2024.0,2.0,tt30494433,Drama
250,movie,Maçãs no Escuro,2024.0,1.0,tt30494881,Drama
251,movie,Bao kuan hao ren,2024.0,10.0,tt30497082,Drama
252,movie,Electric Feel,2024.0,12.0,tt30497438,Drama
253,movie,Little Falls,2024.0,8.0,tt30498406,Drama
254,movie,"Chroniques fidèles survenues au siècle dernier à l'hôpital psychiatrique Blida-Joinville, au temps où le Docteur Frantz Fanon était chef de la cinquième division entre 1953 et 1956",2024.0,2.0,tt30517184,Drama
255,movie,Mit einem Tiger schlafen,2024.0,4.0,tt30517551,Drama
256,movie,Comme le feu,2024.0,7.0,tt30521164,Drama
257,movie,Bedspacer,2024.0,1.0,tt30524053,Drama
258,movie,"Palipat-lipat, papalit-palit",2024.0,1.0,tt30524107,Drama
259,movie,Fire on Water,2024.0,1.0,tt30526246,Drama
260,movie,Troy the Bharat Putra,2024.0,9.0,tt30577309,Drama
261,movie,Dereva,2024.0,3.0,tt30581124,Drama
262,movie,Car Show Kings,2024.0,11.0,tt30581386,Drama
263,movie,Onty Bunty Love Story,2024.0,1.0,tt30587816,Drama
264,movie,Nilavuku Enmel Ennadi Kobam,2024.0,12.0,tt30590474,Drama
265,movie,LLB: Life Line of Bachelors,2024.0,2.0,tt30608802,Drama
266,movie,Milk Teeth,2024.0,1.0,tt30624201,Drama
267,movie,From the Ashes,2024.0,1.0,tt30629563,Drama
268,movie,Sridevi Prasanna,2024.0,2.0,tt30632761,Drama
269,movie,The filth of the Internet,2024.0,8.0,tt30647093,Drama
270,movie,Karinyo Brutal,2024.0,1.0,tt30691232,Drama
271,movie,Tian ma liu xing,2024.0,,tt30691420,Drama
272,movie,Broken by Love,2024.0,3.0,tt30693534,Drama
273,movie,Rambut Kafan,2024.0,1.0,tt30743567,Drama
274,movie,The Strings Attached,2024.0,4.0,tt30743731,Drama
275,movie,Trikanya,2024.0,3.0,tt30745222,Drama
276,movie,Dziewczyna influencera,2024.0,2.0,tt30749092,Drama
277,movie,Jhopadpatti,2024.0,3.0,tt30762487,Drama
278,movie,Isithembiso,2024.0,1.0,tt30762685,Drama
279,movie,Deenamma Jeevitham,2024.0,1.0,tt30765728,Drama
280,movie,Missing You This Christmas,2024.0,11.0,tt30765859,Drama
281,movie,Sleep,2024.0,1.0,tt30766908,Drama
282,movie,Jorge da Capadócia,2024.0,4.0,tt30768673,Drama
283,movie,The Last Frenzy,2024.0,5.0,tt30768761,Drama
284,movie,Mangai,2024.0,3.0,tt30769049,Drama
285,movie,Rangasamudra,2024.0,1.0,tt30769191,Drama
286,movie,Draussen brennt's,2024.0,1.0,tt30778586,Drama
287,movie,Sach Ki Jeet,2024.0,1.0,tt30781779,Drama
288,movie,Snatched a Billionaire to be My Husband,2024.0,1.0,tt30782199,Drama
289,movie,Cinema Bruciato,2024.0,1.0,tt30787489,Drama
290,movie,Humanity Without a Home: Malachi's Redemption,2024.0,3.0,tt30787965,Drama
291,movie,Pastkarte no Romas,2024.0,1.0,tt30788360,Drama
292,movie,The Devil is on my Track,2024.0,1.0,tt30789359,Drama
293,movie,TGPG Dylan Character Elimination,2024.0,1.0,tt30790473,Drama
294,movie,Avantyura,2024.0,1.0,tt30791209,Drama
295,movie,W.O.B.L.E.M. (When Will Our Black Lives Ever Matter?),2024.0,1.0,tt30797179,Drama
296,movie,Prem No Padkar,2024.0,1.0,tt30801353,Drama
297,movie,The Burned Hand,2024.0,1.0,tt30801826,Drama
298,movie,Into the Public Domain,2024.0,11.0,tt30803405,Drama
299,movie,The Reflected Self,2024.0,6.0,tt30803901,Drama
300,movie,Shambhala,2024.0,11.0,tt30804400,Drama
301,movie,Shahid,2024.0,8.0,tt30808146,Drama
302,movie,Hakki,2024.0,4.0,tt30810790,Drama
303,movie,Sex,2024.0,3.0,tt30810768,Drama
304,movie,We Were Dangerous,2024.0,3.0,tt30813817,Drama
305,movie,Ground,2024.0,2.0,tt30816925,Drama
306,movie,A Starlet's Demise,2024.0,3.0,tt30818709,Drama
307,movie,Identical,2024.0,1.0,tt30825700,Drama
308,movie,Roleplay,2024.0,3.0,tt30825927,Drama
309,movie,Prawda24,2024.0,1.0,tt30826112,Drama
310,movie,Sevappi,2024.0,1.0,tt30828158,Drama
311,movie,Sihinayaki Adare,2024.0,1.0,tt30828655,Drama
312,movie,Pegasus 2,2024.0,2.0,tt30829309,Drama
313,movie,The Little Spinster,2024.0,1.0,tt30829541,Drama
314,movie,Norouz,2024.0,3.0,tt30829777,Drama
315,movie,Naboodanat,2024.0,2.0,tt30829833,Drama
316,movie,Blue Lights,2024.0,2.0,tt30831095,Drama
317,movie,Kagojer Bou,2024.0,1.0,tt30832543,Drama
318,movie,Bolehkah Sekali Saja Kumenangis,2024.0,10.0,tt30833434,Drama
319,movie,Zhina Til Now,2024.0,2.0,tt30834637,Drama
320,movie,The Mistress,2024.0,1.0,tt30834708,Drama
321,movie,Family,2024.0,3.0,tt30834999,Drama
322,movie,Songs from the Hole,2024.0,3.0,tt30835190,Drama
323,movie,Kaagada,2024.0,7.0,tt30835251,Drama
324,movie,Eclipsing,2024.0,3.0,tt30835792,Drama
325,movie,Click,2024.0,2.0,tt30836377,Drama
326,movie,Ikaw pa rin ang pipiliin ko,2024.0,2.0,tt30840611,Drama
327,movie,The Snatcher,2024.0,3.0,tt30841078,Drama
328,movie,Mr. November,2024.0,1.0,tt30842544,Drama
329,movie,Xiao zi,2024.0,2.0,tt30842823,Drama
330,movie,Bijoyar Pore,2024.0,1.0,tt30843854,Drama
331,movie,RAM: Rapid Action Mission,2024.0,1.0,tt30850798,Drama
332,movie,Visiting Hours,2024.0,8.0,tt30851085,Drama
333,movie,Foram os Sussurros que Me Mataram,2024.0,1.0,tt30851950,Drama
334,movie,Enemy of the Church,2024.0,1.0,tt30851979,Drama
335,movie,Who?,2024.0,3.0,tt30851998,Drama
336,movie,Sedin Kuyasha Chilo,2024.0,2.0,tt30853122,Drama
337,movie,Cidade; Campo,2024.0,2.0,tt30858110,Drama
338,movie,Tsena doveriya,2024.0,1.0,tt30868802,Drama
339,movie,Kalo Bou,2024.0,1.0,tt30869202,Drama
340,movie,Exile: Director's Cut,2024.0,2.0,tt30870197,Drama
341,movie,Razaa-e-Ishq,2024.0,1.0,tt30872798,Drama
342,movie,Room Service,2024.0,2.0,tt30876838,Drama
343,movie,Sobhe Edam,2024.0,2.0,tt30877358,Drama
344,movie,Dream Academy,2024.0,2.0,tt30886514,Drama
345,movie,Miranda de Viernes a Lunes,2024.0,6.0,tt30886556,Drama
346,movie,By Day They Meet with Darkness,2024.0,1.0,tt30886572,Drama
347,movie,Criaturas Sorridentes,2024.0,1.0,tt30887050,Drama
348,movie,Titus Puppet Vengeance,2024.0,3.0,tt30888732,Drama
349,movie,30 Hours Survival: Gauraiya Live,2024.0,4.0,tt30889608,Drama
350,movie,The Sabarmati Report,2024.0,11.0,tt30889755,Drama
351,movie,The Diary of West Bengal,2024.0,8.0,tt30893648,Drama
352,movie,Dogeudeijeu,2024.0,2.0,tt30911335,Drama
353,movie,Last Swim,2024.0,10.0,tt30918821,Drama
354,movie,Black Men Don't Cheat,2024.0,2.0,tt30947569,Drama
355,movie,Tienes 24 horas,2024.0,2.0,tt30949192,Drama
356,movie,Quell'estate con Irène,2024.0,5.0,tt30949231,Drama
357,movie,Nepton,2024.0,2.0,tt30950894,Drama
358,movie,Cu Li không bao gio khóc,2024.0,11.0,tt30953660,Drama
359,movie,The Wrong Movie,2024.0,2.0,tt30954062,Drama
360,movie,Ensaios sobre Yves,2024.0,5.0,tt30954419,Drama
361,movie,Pieces 2024,2024.0,1.0,tt30954530,Drama
363,movie,La piel en primavera,2024.0,6.0,tt30958042,Drama
364,movie,Jamai Bou Batpar,2024.0,1.0,tt30958781,Drama
365,movie,Can lan de ta,2024.0,3.0,tt30959032,Drama
366,movie,Xiao Ban Jie,2024.0,2.0,tt30959077,Drama
367,movie,Evor,2024.0,3.0,tt30969928,Drama
368,movie,Article 370,2024.0,2.0,tt30970235,Drama
369,movie,Raíz,2024.0,7.0,tt30970632,Drama
370,movie,Mr Patrick Wahala in America,2024.0,1.0,tt30970938,Drama
371,movie,Boundary Waters,2024.0,10.0,tt30971388,Drama
372,movie,Apatiya,2024.0,2.0,tt30971472,Drama
373,movie,Eiga Karakai Jôzu no Takagi-san,2024.0,5.0,tt30971598,Drama
374,movie,A Stripper's Dance,2024.0,2.0,tt30972437,Drama
375,movie,It's All or Nothing,2024.0,4.0,tt30972487,Drama
376,movie,Wisdom's House: Director's Cut,2024.0,1.0,tt30972648,Drama
377,movie,Mu zhong wu ren 2,2024.0,2.0,tt30972810,Drama
378,movie,Going South,2024.0,2.0,tt30974961,Drama
379,movie,La Herida,2024.0,2.0,tt30976412,Drama
380,movie,Evidências do Amor,2024.0,4.0,tt30982333,Drama
381,movie,Akash Vani,2024.0,2.0,tt30982518,Drama
382,movie,Memories of a Burning Body,2024.0,5.0,tt30982785,Drama
383,movie,Sehnsucht nach Firdaws,2024.0,1.0,tt30984911,Drama
384,movie,Get Close 2,2024.0,6.0,tt30985567,Drama
385,movie,Ahmad,2024.0,2.0,tt30985611,Drama
386,movie,Father-in-law and Son-in-law,2024.0,2.0,tt30989079,Drama
387,movie,National Theatre Live: Nye,2024.0,4.0,tt30985842,Drama
388,movie,Samandar,2024.0,5.0,tt30985568,Drama
389,movie,Alive in Mo...,2024.0,1.0,tt30985888,Drama
391,movie,Danga,2024.0,3.0,tt30988771,Drama
392,movie,Eating Me Up,2024.0,5.0,tt30990381,Drama
393,movie,Flight 404,2024.0,1.0,tt31013030,Drama
394,movie,Suspended Time,2024.0,6.0,tt31015247,Drama
395,movie,My Favourite Cake,2024.0,7.0,tt31015278,Drama
396,movie,Langue étrangère,2024.0,9.0,tt31015291,Drama
397,movie,Yeohaengjaui pilyo,2024.0,4.0,tt31015344,Drama
398,movie,Demba,2024.0,2.0,tt31015413,Drama
399,movie,Dormir de Olhos Abertos,2024.0,6.0,tt31015461,Drama
400,movie,The Fable,2024.0,2.0,tt31015496,Drama
401,movie,Ivo,2024.0,6.0,tt31016613,Drama
402,movie,Khamyazeye bozorg,2024.0,2.0,tt31016912,Drama
403,movie,Through the Graves the Wind Is Blowing,2024.0,2.0,tt31018975,Drama
404,movie,Tú me abrasas,2024.0,2.0,tt31018983,Drama
405,movie,Mãos no fogo,2024.0,10.0,tt31018048,Drama
406,movie,Pantasya Ni Tami,2024.0,1.0,tt31021897,Drama
407,movie,Dilig,2024.0,1.0,tt31021984,Drama
408,movie,Bonnie,2024.0,2.0,tt31022272,Drama
409,movie,Yasamak Istiyorum,2024.0,,tt31023049,Drama
410,movie,ME: The Story of Mabel Egnomba,2024.0,11.0,tt31024127,Drama
412,movie,Druzyna AA,2024.0,9.0,tt31030671,Drama
413,movie,"Foxy, or the Intolerant Mind Damned to Impotence",2024.0,1.0,tt31031320,Drama
414,movie,Katas,2024.0,2.0,tt31031372,Drama
415,movie,Aakhir Palaayan Kab Tak..?,2024.0,2.0,tt31024654,Drama
416,movie,Mendung tanpo udan,2024.0,2.0,tt31032022,Drama
417,movie,Perjalanan Pembuktian Cinta,2024.0,3.0,tt31032534,Drama
418,movie,DUI Dune Panch,2024.0,2.0,tt31036632,Drama
419,movie,The Man Who Saved the Internet with a Sunflower,2024.0,1.0,tt31038890,Drama
420,movie,Qing chun 18×2 tong wang you ni de lü cheng,2024.0,3.0,tt31039829,Drama
421,movie,God with Three Eyes,2024.0,7.0,tt31040111,Drama
422,movie,Rukhe Daraw,2024.0,1.0,tt31040998,Drama
423,movie,La Parra (The Rim),2024.0,1.0,tt31041776,Drama
424,movie,August My Heaven,2024.0,2.0,tt31042001,Drama
425,movie,O Emigrante,2024.0,1.0,tt31047952,Drama
426,movie,The Alexandrian,2024.0,1.0,tt31048146,Drama
427,movie,The Stranger,2024.0,1.0,tt31051816,Drama
428,movie,Grey Bees,2024.0,2.0,tt31065370,Drama
430,movie,Rikshawali Ma,2024.0,2.0,tt31067205,Drama
431,movie,Sarkari Rozgaar,2024.0,11.0,tt31068530,Drama
432,movie,El Último Táper,2024.0,8.0,tt31069435,Drama
433,movie,Gangsta,2024.0,7.0,tt31069603,Drama
434,movie,Salawahan,2024.0,2.0,tt31070448,Drama
435,movie,Peleamos,2024.0,2.0,tt31076688,Drama
436,movie,Shock,2024.0,1.0,tt31077906,Drama
437,movie,The March,2024.0,3.0,tt31070071,Drama
438,movie,Mahayogi: Highway 1 to Oneness,2024.0,3.0,tt31076996,Drama
439,movie,Demo ke pelê gozan bîyî zer,2024.0,1.0,tt31099522,Drama
440,movie,Till Death Do Us 2,2024.0,9.0,tt31097966,Drama
441,movie,Le devianze,2024.0,1.0,tt31099717,Drama
442,movie,Parviz Khan,2024.0,3.0,tt31095111,Drama
443,movie,Blue Imagine,2024.0,3.0,tt31100628,Drama
444,movie,Osomoy,2024.0,1.0,tt31100897,Drama
445,movie,My Dear Pappa,2024.0,2.0,tt31101336,Drama
446,movie,Celestina & Lawrence,2024.0,1.0,tt31102368,Drama
447,movie,"Tumi Najaba, Joymoti",2024.0,1.0,tt31105826,Drama
448,movie,Pretty Miss Lolly,2024.0,5.0,tt31107902,Drama
449,movie,The Parades,2024.0,2.0,tt31102181,Drama
450,movie,Me Dicen El Panzer,2024.0,1.0,tt31108300,Drama
451,movie,Indonesia dari Timur,2024.0,2.0,tt31108426,Drama
452,movie,Kukejar Mimpi,2024.0,3.0,tt31109262,Drama
453,movie,Epäonnistunut tyhjyys,2024.0,11.0,tt31110145,Drama
454,movie,Historia de pastores,2024.0,10.0,tt31110553,Drama
455,movie,I Hate Love,2024.0,2.0,tt31113091,Drama
456,movie,No nos moverán,2024.0,12.0,tt31113406,Drama
457,movie,Kseukul,2024.0,2.0,tt31114619,Drama
458,movie,What Do We Do Now?,2024.0,4.0,tt31114962,Drama
459,movie,Das Licht,2024.0,10.0,tt31116299,Drama
460,movie,Per un nuovo domani,2024.0,1.0,tt31116292,Drama
461,movie,Kai shi de qiang,2024.0,10.0,tt31116678,Drama
462,movie,Mann Behka,2024.0,1.0,tt31118437,Drama
463,movie,Venid y veréis,2024.0,2.0,tt31122938,Drama
464,movie,Kurinji,2024.0,2.0,tt31123773,Drama
465,movie,Khelaghar Bandhte Legechi,2024.0,5.0,tt31137056,Drama
466,movie,Miro,2024.0,2.0,tt31137244,Drama
467,movie,Motshameko O Kotsi,2024.0,2.0,tt31124437,Drama
469,movie,Double Blended,2024.0,8.0,tt31144869,Drama
470,movie,Shesh Rokkha,2024.0,1.0,tt31145117,Drama
471,movie,Il Lago Incantato,2024.0,1.0,tt31149981,Drama
472,movie,Air War,2024.0,4.0,tt31150307,Drama
473,movie,Paper Plates,2024.0,1.0,tt31151026,Drama
474,movie,Day Trippers,2024.0,3.0,tt31151649,Drama
475,movie,Desperado,2024.0,1.0,tt31152127,Drama
476,movie,Titip Surat Untuk Tuhan,2024.0,3.0,tt31152435,Drama
477,movie,Maaye and Company,2024.0,2.0,tt31153873,Drama
479,movie,Fedya. Narodnyy futbolist,2024.0,10.0,tt31156718,Drama
480,movie,Takas,2024.0,2.0,tt31157326,Drama
481,movie,Kuyang,2024.0,7.0,tt31158596,Drama
482,movie,Alemari E Baduku,2024.0,2.0,tt31158691,Drama
483,movie,Blood of My Blood - Expansion Ain't Easy,2024.0,1.0,tt31159013,Drama
484,movie,Asemane Gharb,2024.0,2.0,tt31159944,Drama
485,movie,Kemiti E Samparka,2024.0,2.0,tt31160264,Drama
486,movie,The Trip,2024.0,2.0,tt31163089,Drama
487,movie,"My Lover, My Grave",2024.0,2.0,tt31169846,Drama
488,movie,The Stranger,2024.0,1.0,tt31170218,Drama
489,movie,A Song and a Prayer,2024.0,2.0,tt31170400,Drama
490,movie,Una llave hacia el pasado,2024.0,1.0,tt31171453,Drama
491,movie,Edelweiss Piraten,2024.0,2.0,tt31170769,Drama
492,movie,The Unforgettable Day,2024.0,3.0,tt31171712,Drama
493,movie,Lantrani,2024.0,2.0,tt31171944,Drama
494,movie,Meet Me Outside,2024.0,1.0,tt31172094,Drama
495,movie,Therapy,2024.0,2.0,tt31172060,Drama
496,movie,Di padre in figlio - Parte II,2024.0,12.0,tt31172843,Drama
497,movie,Dhaya Bharati,2024.0,2.0,tt31173309,Drama
498,movie,Mai,2024.0,2.0,tt31174028,Drama
499,movie,Forever Yena,2024.0,2.0,tt31174255,Drama
